Function,LLM Found,Human Found
set_Right_most_Unset_Bit,Yes,Yes
find_Max,No,Yes
get_max_gold,Yes,Yes
sumofFactors,Yes,Yes
first_Digit,No,Yes
find_max_val,No,No
bitonic_subsequence,Yes,No
binomial_Coeff,Yes,Yes
max_chain_length,No,No
sum_Of_Primes,No,Yes
max_run_uppercase,Yes,Yes
sort_by_dnf,No,Yes
pass_validity,Yes,Yes
check_Type_Of_Triangle,Yes,Yes
count_Pairs,Yes,Yes
generate_matrix,Yes,Yes
rgb_to_hsv,Yes,Yes
max_sub_array_sum,Yes,Yes
get_sum,Yes,Yes
count_duplic,Yes,Yes
is_subset,Yes,No
find_first_occurrence,No,No
longest_increasing_subsequence,Yes,Yes
sum_of_odd_Factors,No,Yes
find_longest_conseq_subseq,No,No
get_Number,Yes,Yes
Sum,Yes,Yes
get_median,Yes,Yes
largest_subset,Yes,Yes
armstrong_number,Yes,Yes
